id,first_name,last_name,phone_number,client_member_id,account_id
1,Yank,Deboo,1284628753,9436555,12
2,Gennie,O'Heffernan,2642745297,7228138,5
3,Derril,Walles,4727992243,3488215,5
4,Wynn,Dhennin,3316054739,5274849,9
5,Annamarie,Birchill,4720176406,9754922,18
6,Cedric,Jorge,9381848024,3720123,8
7,Reggy,MacKinnon,1523044490,2934201,13
8,Amie,Chestnut,6208504805,3247402,2
9,Ody,Hartnell,1165133080,2882815,18
10,Ody,Brimilcombe,8317510751,5306299,14
11,Giustina,Garfirth,8357401578,5049209,19
12,Raina,Rossey,4923898139,2916483,7
13,Darice,Schaumaker,7497084979,5211083,16
14,Kristien,Ranby,1229470940,1289283,12
15,Glynda,Storey,2867659365,5665989,7
16,Matthias,Egginton,3166790554,7627152,17
17,Hewitt,Woollaston,7235013393,2552219,14
18,Stacie,Cuthbert,2913947977,9608139,4
19,Cinda,Albrooke,8643433568,9456992,6
20,Shari,Veasey,5337633645,6552450,17
21,Fancie,Pawlyn,7172449591,9384157,10
22,Artemas,Dabney,9476052029,1393022,15
23,Gabriela,Bosdet,2091388374,6727569,3
24,Rivy,McAuley,6307443085,4015708,9
25,Jae,Everill,5902098154,5300438,1
26,Cathleen,Coxwell,9270156884,1307130,1
27,Damian,Mangan,5932452193,2097293,16
28,Danielle,Vaughan-Hughes,3447643407,8790954,16
29,Dory,Bortoli,5423517653,6878236,8
30,Pepillo,Jaegar,7018922317,6862757,8
31,Benjie,Rown,5221521633,3328168,16
32,Trumann,Athowe,5081590850,6925536,14
33,Anjela,Farthing,3082555612,8584171,4
34,Hannis,Beggini,5049703536,2977067,13
35,Gerhardt,Whichelow,6541939533,6564221,10
36,Thurston,Ethington,6018793899,5520535,2
37,Witty,Tadman,5728962668,7626910,10
38,Dagny,Vittle,7845629100,7816864,20
39,Tadd,Elkington,5447319521,9861615,13
40,Kala,Kensley,6043528866,3762881,1
41,Kettie,Bricham,9250126970,7437306,3
42,Freddie,McMakin,8921030264,1780195,16
43,Marylou,Le Moucheux,2415766773,7493943,20
44,Birdie,Stichel,4234981785,3425661,13
45,Fanchon,Abbitt,5669417957,3669705,12
46,Gill,Calkin,8462170854,7160968,4
47,Kit,Middleweek,2316629067,8001011,18
48,Corrinne,Lye,1478814355,7608500,8
49,Tierney,Teeney,9837981149,9999978,11
50,Thedric,O'Daly,6671953131,5098379,9
51,Mersey,Casley,6346680739,3963282,10
52,Devin,Sheasby,6493530595,9041610,9
53,Pamela,Gauge,1650220488,5119361,8
54,Hodge,Haliday,7605165929,5976690,8
55,Loreen,Bunner,1865830481,1676787,12
56,Prisca,Brane,6348003378,7149048,7
57,Rudy,Maund,3366972785,6554665,15
58,Katuscha,Ashard,7860796893,9241175,12
59,Karena,Perrigo,9804144786,4634421,17
60,Thoma,Casley,9115606025,7123330,4
61,Marline,Biggam,4030316990,1451946,12
62,May,Langstone,4435885972,8016772,11
63,Brendin,Karleman,4388601086,3790633,5
64,Liz,MacCarter,7559875561,4618189,5
65,Abeu,Bonnor,2028893181,5458757,1
66,Madelle,Cheney,5868707657,8350372,12
67,Jacintha,Sier,8438388391,5839636,10
68,Alfreda,Woodier,7043236017,6002026,17
69,Sherri,Formby,3710113762,3231405,16
70,Cymbre,End,6670661080,2735473,3
71,Haily,Storcke,7960968373,9611512,13
72,Shayna,Vacher,8883275878,5890305,13
73,Allyn,Larroway,9919641037,7730902,14
74,Far,Chapelhow,4908095136,1212461,5
75,Truman,Smaile,1758534118,3711431,4
76,Selby,Edmeads,5161228636,3115528,6
77,Tybie,Tampen,3188585915,9500882,2
78,Gusti,Willes,1568169119,8088792,16
79,Timofei,Kevern,1965961707,8685148,1
80,Ebenezer,Iskov,2324331906,7309675,2
81,Celka,Marsden,7578816997,1422809,13
82,Eleen,Madigan,5936086520,5708180,1
83,Esme,Spurgeon,4982616495,2556103,17
84,Matti,Ivimey,9900563807,8255210,10
85,Orelie,Burdge,4253123756,2718078,6
86,Fanni,Keough,1890921836,1821859,4
87,Chrystal,Eliez,7153368229,3331794,19
88,Olimpia,Sentance,6864024672,4874523,13
89,Marlie,McKenna,7208370260,5481591,9
90,Marjie,Gerault,3372228112,5031893,5
91,Tanya,Ackerley,5902507726,8489549,17
92,Janet,Colbron,4106947894,2537021,7
93,Wren,Sarginson,8204454381,8156181,20
94,Enoch,Stockney,9858551239,5991153,3
95,Luella,Gristhwaite,3200364871,9475837,15
96,Jacquette,McTavy,7487932319,6525095,4
97,Pancho,Comelini,8316257184,3021197,19
98,Ameline,Tring,9462482354,7632749,10
99,Dag,Oddie,1895308132,5837202,2
100,Janet,Whelpton,7757879164,8618780,6
101,Fanchon,Turfrey,3318169578,8489437,12
102,Allen,Celez,5833256422,2790414,5
103,Hermon,Parkinson,9788810392,2167753,6
104,Hewie,Cottage,1826300881,1506781,18
105,Portie,Eckhard,7416485677,4017218,13
106,Cass,Okell,9114010532,7477140,4
107,Boigie,Risley,2070428075,2138060,5
108,Dennison,Penlington,8733029054,9778088,4
109,Rockie,Lawtie,2405215137,6729622,9
110,Kellia,Saint,6450097770,7135484,1
111,Ralph,MacCosto,7810119871,5903204,11
112,Lida,Dodshun,4252815883,7429895,13
113,Concettina,Howett,4516403240,3131103,5
114,Edmon,Mursell,8863111892,9728464,17
115,Obediah,Widmore,4266956056,7358054,15
116,Denys,Tame,3886997540,5811302,16
117,Cassandra,Giordano,9347398479,8098985,10
118,Dalt,Queenborough,9459853308,7615186,20
119,Evvy,Danilyuk,8536311649,5122646,13
120,Con,Vlach,9524854068,2346216,13
121,Zandra,Kunneke,1223175916,2449469,17
122,Pietra,Correa,3210922189,5162411,19
123,Collen,Woodwind,2003524898,3391864,18
124,Janella,Soeiro,1945791991,7917346,10
125,Lilias,Onslow,7653822049,8018520,8
126,Dorette,Birnie,2413091847,9587510,19
127,Florenza,Lethley,4363898310,3828236,11
128,Tabbitha,Hacksby,7436027030,8170402,13
129,Hercule,Feare,8381378218,8563603,7
130,Egan,Bergeon,6931890243,9195208,11
131,Anthea,Tupman,1324137039,9892868,6
132,Mabel,Palfreeman,3424160328,2894137,8
133,Christie,Thrussell,7281462242,9852871,17
134,Ambrosi,Raffan,9598807813,6816965,16
135,Dexter,Eye,3349886968,1698877,8
136,Marilin,Klosges,9298243641,8953404,19
137,Vivian,Campbell,4690101600,8646389,11
138,Freida,Youthed,3539301251,3322313,16
139,Kassie,Noteyoung,9028873071,8596533,13
140,Arni,Richarz,5290618540,1703961,18
141,Faun,Sharp,9984526050,6166893,16
142,Dosi,Nassey,5814812709,9899204,17
143,Dacey,Iltchev,3903926328,1731345,2
144,Tatum,Evamy,5187561579,3208805,11
145,Nancy,Parkhouse,2907110034,1243186,20
146,Zacharia,Brickham,7177115795,5370653,11
147,Alaine,Sellar,2638225874,5880475,15
148,Townsend,O'Hdirscoll,5876470624,3413038,7
149,Finn,Fullwood,5984800598,1752504,14
150,Gabe,Loggie,6607190795,3908863,4
151,Keelia,Hawksley,5868509721,5656264,3
152,Matthiew,Guilloud,2646296407,7094126,15
153,Nelia,Stickels,3843586268,6392427,4
154,Harvey,Dingate,1591087324,8705933,15
155,Catherin,Faltin,5071719601,7795498,9
156,Luciano,Urwen,9063971665,5737469,2
157,Gallard,Tremethack,5754846722,2669350,1
158,Hewe,Ransome,5027163038,4992445,20
159,Tasia,Shovelin,7894456761,5826852,3
160,Chaddy,Bodocs,2356276005,5196262,13
161,Taddeusz,Bentall,6634213867,4518881,20
162,Jacinta,Tivnan,3031762550,6950187,3
163,Estella,Colquite,8394146663,6060016,11
164,Tessi,Duck,5977226066,6318902,9
165,Sheri,Matteini,1586877487,8245625,1
166,Remy,Kanwell,5964196196,6733535,2
167,Ellette,Southby,1113139927,2351303,19
168,Jasper,Oliphant,6429286733,6030166,10
169,Mickie,Marples,3981468045,7607707,1
170,Elspeth,Cridge,1572943314,9797239,8
171,George,Gleader,8702630414,5952740,8
172,Tisha,Kielty,5598447607,1851795,13
173,Selinda,Wingate,1137053665,1366734,9
174,Manny,Glasheen,2790398023,9184254,3
175,Kay,Dagger,5548093173,6310243,2
176,Stephine,Werlock,9441249056,4995735,13
177,Kippy,Songer,6750583464,9318689,16
178,Tina,Hardage,2965228245,7756946,16
179,Rodolfo,Thewless,5647797398,5864849,19
180,Nels,Cornelis,5712606270,3467773,14
181,Yank,O'Shaughnessy,7564100912,1316723,20
182,Hermann,Tennock,8304412908,7842155,4
183,Reeva,Kleinhaut,5286920988,4783158,11
184,Jessey,Martensen,6435804503,1648622,2
185,Johnnie,O'Corhane,1283719832,3859934,8
186,Pepi,Parham,9229418595,3526222,12
187,Elinore,MacCook,3077774305,7383534,14
188,Korry,Veasey,5306777038,7667193,12
189,Shirlene,Ibbotson,4490802893,7815251,10
190,Nickey,Auden,3732501023,9526480,8
191,Benny,Barsam,5605229826,2387103,12
192,Dode,Duchesne,4889619512,1667958,11
193,Asia,Scuffham,2291466922,8359119,1
194,Garey,Gianneschi,5162686506,7165471,16
195,Dulcie,Shyres,5568197356,8228658,19
196,Dante,Scardefield,4897480269,7705135,10
197,Annice,Minero,9848547398,7419338,5
198,Alidia,Turle,8386283706,3200505,3
199,Marcelle,Tompion,1843931664,1373008,5
200,Genvieve,Derrett,7238666556,9529629,20
201,Rebeka,O'Donegan,9530469283,8169388,4
202,Clemens,Lorentzen,9886061251,2330830,19
203,Briny,Yitzovicz,2153641881,5652057,6
204,Phillip,Sheerin,7598387579,3446622,9
205,Ceil,Faich,6223016098,4261327,15
206,Mozes,Beal,5734635446,3679409,12
207,Tillie,Anniwell,2505747141,5930959,8
208,Travus,Goldberg,3889315694,6066888,6
209,Boone,Keitley,6115210888,9440874,6
210,Lu,Gumbrell,8078174117,1738103,4
211,Anatole,Ware,3056855230,2902346,7
212,Farah,Waddington,8236757986,6509713,16
213,Annis,Georghiou,9441665810,7159413,14
214,Milly,Tenwick,2752639107,7608497,18
215,Corie,Coston,8496559857,3753446,7
216,Hershel,Spridgen,7455878643,6949917,3
217,Barrie,Ciottoi,5575701433,3790281,11
218,Jeffry,Mosedall,9326785943,3621510,18
219,Lynda,Paoloni,7996305717,2563260,20
220,Kinnie,Whittle,2039627195,9078879,8
221,Adele,Wastell,3671713964,9890663,13
222,Washington,Rickesies,6214259521,4621690,9
223,Douglas,Schroeder,3679814717,1183228,14
224,Sybyl,Ivanilov,9046234750,7201639,20
225,Niel,Forshaw,5154680228,3310457,7
226,Karlotta,Pirnie,5933973424,2986676,9
227,Grannie,Corstan,5553410387,3589805,4
228,Lutero,St. Quentin,3903543042,5929434,7
229,Bucky,Sommerlin,8917195229,2993174,9
230,Dennis,Thring,9185768414,9738108,13
231,Ddene,Lowson,8232646131,4065454,10
232,Opalina,De Nisco,3506768905,9197605,7
233,Issiah,Minnis,1945571514,4783188,13
234,Karia,Narracott,9106265090,9621732,8
235,Petr,Elcome,6080838657,3109977,8
236,Cindie,Wathey,3889671582,3514191,17
237,Loni,Spurriar,8316976114,9458062,2
238,Vaclav,Chapier,7946196143,4635438,10
239,Margarette,Dilrew,8470083241,5240906,12
240,Aarika,Bennen,2377523005,9775513,7
241,Merrilee,Markl,7872515902,9387588,2
242,Garrott,Trencher,3672538725,5381053,2
243,Cornie,Jepensen,3031197156,9803064,6
244,Rabi,Yarnall,3071217184,5077044,8
245,Terri,Rockell,3907499662,5689536,4
246,Lionel,Heddy,7391582633,4699175,11
247,Taryn,Lethcoe,7824240051,2221909,19
248,Dulcia,Dixson,8701148952,1171227,20
249,Dulcea,Obert,5292253138,8855207,17
250,Cori,Bertome,8428587478,6894949,17
251,Laureen,Bussey,7214619296,8643154,16
252,Marshall,Brittan,9414818293,9104741,9
253,Corrianne,Rutty,7190379224,2678879,20
254,Carlee,Drillingcourt,3824203568,5599542,4
255,Ransell,Partleton,4902114205,8422052,8
256,Ashbey,Duligal,2211655929,5565645,18
257,Jeanna,Tenney,6645370118,4507435,4
258,Mela,Claughton,4456687880,1260554,10
259,Haskel,Nisby,2501550424,9676228,19
260,Cornie,Cridge,3515768630,5692346,20
261,Tova,Topham,9821921667,9292639,8
262,Neysa,Lathleiff,8591334015,3207884,1
263,Giulietta,Lillyman,7296355417,2271794,13
264,Coriss,Serrurier,3979837577,2296994,2
265,Chevalier,Championnet,8652580927,2908518,1
266,Georgianna,Fosken,5329851907,4145624,3
267,Fidelia,Creagh,8132920026,7283748,11
268,Sibby,Sollime,3865028843,4692278,5
269,Lindsy,Raycroft,4990828075,5856777,11
270,Florina,Parkin,1793730273,4128952,11
271,Amalee,Beevor,8772283939,2958792,15
272,Collette,Bartul,1314488944,5290665,15
273,Dmitri,Ferreli,7707104444,5952242,14
274,Curran,McCoughan,4895198984,4562819,1
275,Arlette,Domm,4562002033,9473158,5
276,Cornela,Tredinnick,7864819467,3968807,2
277,Shawn,Maccrae,7096203975,2696105,7
278,Enos,Casement,3105200008,5395275,12
279,Adriano,Geistbeck,9062455888,3221588,8
280,Sibyl,Kaindl,5663933445,2953826,16
281,Kristyn,Joutapavicius,3302900231,5464435,15
282,Raina,Cayet,8367743827,3557001,18
283,Thomasina,Morrice,7750519381,8206666,17
284,Alane,Senter,6326449830,8743676,11
285,Caddric,Graffin,4844846103,7762028,8
286,Meryl,Hay,6741424461,7970662,9
287,Kali,Tideswell,9441732592,4326448,17
288,Karrah,Checcucci,9786403346,4200768,3
289,Jermayne,Lye,7786037233,9903431,18
290,Katrina,Derington,4661267870,9780905,16
291,Maryann,Barbrook,2522112753,8177410,8
292,Stormie,Howsden,9125814756,9954670,7
293,Meaghan,Flintoffe,5938633464,1261274,11
294,Hardy,Tomkowicz,4433948815,7904060,7
295,Gerhardt,Chicotti,7211832678,5997407,17
296,Rikki,Ferreras,2639207033,3480295,15
297,Panchito,Goldster,5469377248,9729470,10
298,Claybourne,Minter,2256395675,4224778,19
299,Barbi,Langley,6047923583,8970071,13
300,Martelle,Meggison,7823790588,5650276,19
301,Martie,Mepham,4976466512,9482158,14
302,Riane,Boerderman,4135213135,7055799,16
303,Wolfy,Gilphillan,8384072893,3289046,5
304,Deck,Savine,2793729317,5023281,5
305,Wilhelmina,Longhi,1763927572,5390940,13
306,Kristina,Brandassi,3013981976,5725753,11
307,Quinn,Goodbarr,8936078026,5051212,18
308,Ninette,Borkin,7363725281,8899811,18
309,Lethia,Hartright,8272697852,3589962,5
310,Rowena,Luther,1959656549,4218895,20
311,Shea,Truesdale,8372748736,8399149,13
312,Franciskus,Overil,4662622266,7755460,3
313,Spencer,Nurny,6014092729,8135343,4
314,Michael,Spadaro,2549907639,7547059,11
315,Basilius,Lippitt,2646560811,2296548,19
316,Andrea,Milstead,1656725760,5180898,5
317,Karyn,Muscroft,2172704531,8011954,18
318,Anstice,Lyddy,9919028082,3862306,11
319,Cyrus,Yerlett,3829712929,1251414,9
320,Kahlil,Tong,7666635738,1275731,13
321,Dael,Stuchberry,9582109798,7052245,8
322,Sheelagh,Rosenboim,8783409748,6931507,15
323,Leigha,Bummfrey,9059136120,2590512,16
324,Catharina,Arnow,1931300482,7816655,6
325,Xerxes,McNirlin,2758377570,8158535,13
326,Rossie,Tootell,7818199510,9651557,8
327,Shurlocke,Swan,7558336345,8827011,6
328,Gail,Rosenfrucht,3782185608,5247712,13
329,Erastus,Ferronet,3853980300,3584056,18
330,Elana,Duligal,2743405972,4250007,14
331,Lynne,Roberto,6711768342,7694351,6
332,Rosy,Rankcom,7098190306,3104790,16
333,Selby,Glawsop,1572169813,7514280,17
334,Alyssa,Spittall,4429369032,5248201,19
335,Jaimie,Belfelt,7707955139,2645060,6
336,Guthrie,Minards,9039908079,7407602,1
337,Hulda,Mulberry,1854097079,3851073,13
338,Caresse,Button,3747038979,2503652,10
339,Rebekah,Sedman,4545239506,9934939,15
340,Myer,Brasse,4529118543,4004246,14
341,Jared,Whittlesea,5341408508,6762321,18
342,Demetris,Geindre,7968169771,4380144,16
343,Crissie,Conkay,9740451661,4287574,7
344,Kelly,Southwick,2996815096,9761026,18
345,Dasya,Gainseford,9246600859,9750690,20
346,Erv,Kingsman,3434784064,7911235,1
347,Clair,Taggerty,4894689526,8403135,11
348,Cherise,Le Sarr,6194071480,5874669,5
349,Sidonnie,Laguerre,9109590891,8916144,5
350,Renato,Garfitt,4932925748,3354213,11
351,Andre,Matuszak,1998928686,5156881,3
352,Audre,Kitley,2141567958,9278608,20
353,Mireielle,Knowlson,4226367441,7103977,2
354,Phoebe,Mouton,9468130389,5992223,2
355,Anya,Brumwell,3614228165,9722689,2
356,Chiquita,Jeratt,7478498150,8973704,20
357,Torrence,Rowson,4403710223,4059879,19
358,Rivi,Caird,6598431033,4681388,12
359,Lion,Huntress,7811016625,5513389,5
360,Toinette,Carnock,4390580692,4675593,20
361,Romona,Frarey,1189581784,5571556,16
362,Arie,Feavers,8675386560,5794596,5
363,Wain,Sagar,4887138056,3688690,8
364,Rani,Magowan,8043848862,2807519,4
365,Brandise,Curl,9506704538,1510045,2
366,Ryun,Wakley,5692529163,4669233,12
367,Ciro,Weddup,9964502039,5319489,4
368,Gun,Scrivner,9525008569,1516012,19
369,Vasily,Rennison,9399667164,9063040,10
370,Roley,Fitchet,4792185326,7696958,2
371,Vernice,McColl,6392298104,2375591,12
372,Jerrylee,Campkin,5354383737,5960434,7
373,Rhett,Swatten,3582375218,7238615,3
374,Demetre,Alenshev,4858822129,9446032,20
375,Livvy,Grissett,4911634225,7057324,20
376,Wallie,Brownlow,6660000063,7823549,1
377,Rudolf,Ovell,6859374105,7611645,3
378,Humfrid,O'Fogarty,2444684803,5478662,19
379,Kelcy,Bonney,9273000653,4701325,19
380,Randa,Deedes,5996721979,6174804,15
381,Muffin,Pedrozzi,9326590794,1275665,4
382,Marybelle,McGuire,5590279054,5821894,2
383,Cordula,Longrigg,7303638298,4087090,15
384,Rycca,Griffey,1642045534,8529623,13
385,Lucius,Zecchetti,2574853879,6001227,1
386,Cora,Gooley,9492484661,9074494,6
387,Kiley,Idenden,8699596447,3849386,18
388,Rebeca,Ingall,7176049857,5538064,16
389,Junie,Battell,7852266851,2648371,14
390,Eunice,Loache,1143032166,8677912,2
391,Flss,Hazeman,6395243941,7785560,5
392,Keane,Pantry,3624696908,2994450,1
393,Dalli,Calvard,5203982136,2960332,9
394,Charmain,Buston,6347342425,8524600,19
395,Rea,Tregien,1773032939,8118244,4
396,Hewie,Troyes,3070495098,5841092,14
397,Lelah,Oats,1480723063,5551367,16
398,Honor,Chipping,9007042863,5654859,20
399,Conrade,Enriquez,9825771174,8125306,17
400,Ansel,McHaffy,1368620395,9317155,7
401,Maddi,Hawley,8487499593,5905832,18
402,Allis,Jamblin,6279368601,1732437,8
403,Datha,Gurley,6834236071,5640205,6
404,Benedict,Hessing,7824312847,1243788,6
405,Cherice,Olekhov,5466339277,6310619,20
406,Cacilie,Corser,2617453838,6591122,10
407,Jacinda,Pilch,4176683515,6941760,10
408,Thaddeus,Rosita,8466646348,8236813,3
409,Fernanda,Tait,9238458824,4663922,19
410,Fidel,Dedon,5078707315,4697053,8
411,Malinda,Stancer,1299209897,6640144,3
412,Eilis,MacDonell,5491307457,4853799,8
413,Jock,Bufton,1177735118,1182845,4
414,Pennie,Wombwell,2759167609,7051751,2
415,Clement,Dunton,4179357386,3135936,14
416,Myrwyn,Roxbee,5565222523,3394106,19
417,Abdel,Petel,7366244682,2412453,17
418,Barret,Laurence,4467698037,6525149,18
419,Henka,Heaffey,8715882796,6140643,7
420,Jessie,Pennick,2959724137,5523397,16
421,Alejandra,Sissot,4529215462,5812548,5
422,Angelica,Castlake,3323484812,3914232,19
423,Valma,Clevely,6777713602,1501850,13
424,Drucy,Blasoni,9058953440,6120654,20
425,Nicolais,Corr,1843894918,6479656,12
426,Sydelle,McKerron,6103504073,3230187,12
427,Benn,Dorran,5581180940,6997267,12
428,Adelaide,Coles,3163872918,4610403,5
429,Wylma,Laise,2993881895,1229079,20
430,Celestyna,Garter,7615934572,3181714,6
431,Amerigo,Jencey,1851890595,4156813,13
432,Cordula,Watkin,3548020727,6099897,19
433,Yorgos,Reagan,5149979888,1780447,18
434,Tirrell,Nicol,2315396585,9356857,2
435,Anders,Eltringham,4085412576,6471966,20
436,Eimile,Pearce,2397311311,7017321,5
437,Wolfgang,Papworth,5425254342,1877504,12
438,Dur,Coward,4175473767,6669200,13
439,Raddie,Saggers,7290515868,5976143,10
440,Friederike,Simond,4367654675,4618298,5
441,Ryun,Langlands,6536544040,3635877,19
442,Armin,McKinney,4668273197,2417074,8
443,Robin,Woodvine,9572939855,1302083,17
444,Bella,Vella,2559792588,9755651,8
445,Catherina,Newell,7678330776,2232023,10
446,Tuckie,Amies,8215344944,1671720,12
447,Nefen,Guillard,6589140354,7471671,16
448,Lester,Ashenhurst,3002226891,2699351,5
449,Nedda,Dedmam,6914190463,9561981,4
450,Cherry,Kentwell,6348189125,8573908,20
451,Magdalena,Wint,2879693423,6288104,20
452,Pooh,Peris,1984927136,6616145,11
453,Saree,Nesbeth,1308491335,8521616,13
454,Adelice,Van Arsdale,3816755826,4319084,10
455,Renado,Riccardini,4156408679,9051692,6
456,Loy,Ginnety,9337159533,5233451,5
457,Deane,Rowlin,5562431234,3717513,4
458,Candy,Housby,1658374619,2722515,20
459,Debora,Bromley,1971628213,3228539,8
460,Phillida,Hancox,6184418905,8957384,3
461,Quincey,Fraanchyonok,1943230027,3036534,16
462,Upton,Twigley,4206018399,6808068,17
463,Celestia,Evens,8689962577,7883146,12
464,Aloysius,Willment,8793011241,6933996,19
465,Norah,Shilton,7040458284,7612695,12
466,Bryn,Goff,5728483044,6919721,7
467,King,McGinnell,6150615043,3273527,18
468,Rosalia,Aucoate,7949676709,9083481,12
469,Fernandina,Koomar,2172100720,4000773,19
470,Garwood,Shurey,7855087910,8917515,5
471,Fallon,Durante,3647105578,3572940,1
472,Roberto,Roddick,5108652972,6512131,6
473,Riki,Marmion,4204867731,6374123,14
474,Herold,Dakhov,7414020551,1273113,20
475,Burnard,Grabiec,9826008848,7715826,8
476,Ron,I'anson,5913540586,4833564,20
477,Andra,Popping,8956150138,6107753,20
478,Peggie,Gossling,3063325745,6087855,7
479,Petronia,Macura,7681693454,8448539,15
480,Anitra,Planque,1259142502,6765525,1
481,Edin,Sackes,5073307225,6869473,17
482,Aleta,Wherrit,5334028168,3461337,18
483,Brig,Booij,5790953468,8737320,15
484,Claudette,Scotchford,5510793295,5906069,6
485,Ravi,Lattka,9024318011,2853602,14
486,Udale,Brunning,3187256094,7446077,7
487,Delmer,Burrett,3709465735,5648030,5
488,Bale,Franchyonok,4024644001,3509221,3
489,Jaclyn,Metherell,3565192198,9552924,16
490,Torin,Anthona,8561147662,5551820,15
491,Doti,Scobbie,8355372302,3735588,14
492,Stephanus,Grantham,6392092563,8346741,1
493,Lorenza,Laird,5323434399,5429978,3
494,Gretta,Buzine,8725447851,7898764,13
495,Desdemona,MacElholm,2724510842,7943616,11
496,Ardath,MacAllen,2964152343,7654960,19
497,Farand,Prester,2701418370,8615209,15
498,Gillan,Panner,3488338526,9224318,15
499,Hamil,Greguoli,2100881100,3542237,13
500,Aeriell,Caro,5809288239,9604416,16
501,Geraldine,Brimner,8546092319,7108026,20
502,Dore,Stelfax,7195008493,4425333,20
503,Tildi,Exeter,5050993734,9062417,20
504,Trista,Keoghan,6503038739,7694089,5
505,Florence,Darcey,3598848506,1895781,14
506,Giles,Hallin,2526536982,1702391,18
507,Virginia,Blevin,9476626241,2881403,1
508,Aurelia,Purchon,2533901488,5758422,6
509,Stephani,Stern,5584163058,9012471,20
510,Marianne,Wenden,4945413458,5155499,20
511,Griffin,Cogan,7452759874,3538962,7
512,Inge,Lumbly,1745563692,7856282,19
513,Devin,Ebben,3646956769,8679412,1
514,Linnie,Pottinger,1671217258,5860552,9
515,Jaymie,Glossop,7095743295,2177151,7
516,Staci,Petzolt,8175688548,4532654,14
517,Winni,McDougall,6266473977,3106167,13
518,Renault,Spoure,8653689201,1885354,2
519,Noland,Rapaport,8875040980,3864834,16
520,Felisha,Huburn,4756842542,7487690,10
521,Doreen,Braidwood,8846713321,8552354,3
522,Vasily,Nuccitelli,3469681993,3838762,3
523,Rebekkah,Nicolls,1740397556,3388809,14
524,Kai,Cheetam,9707797323,3543388,9
525,Trude,McKiernan,9261302663,8582785,17
526,Hanna,Phittiplace,2097835988,4506110,7
527,Monte,Cleaves,4697895078,6122463,9
528,Gertrud,Torrie,2335636465,1855746,8
529,Andre,Velten,3181193430,9467722,4
530,Adair,Camacke,4827735387,8510184,3
531,Porty,Enrich,8189081005,2999738,19
532,Gerda,Korneichik,1722076308,3540085,20
533,Christos,Haburne,3010037456,2367446,10
534,Denney,Kopfen,1262370242,4685699,11
535,Kelley,Edscer,2506781940,1702241,20
536,Aggie,Highnam,7685661634,9116010,10
537,Adele,Braidman,1888433730,4670290,1
538,Sybilla,Caesman,6947163130,6929544,10
539,Eugenio,Gerbl,3070311731,2752469,20
540,Lorie,McAlinden,9619129619,7167897,18
541,Nady,Treslove,4082427346,1603144,16
542,Shamus,Boykett,4522823481,3760025,3
543,Alys,Boules,8750588236,6974407,15
544,Lea,Hedworth,4456056112,5743292,1
545,Virgie,Cestard,6241254271,8175165,10
546,Karry,Whisson,3694982886,6856770,1
547,Jethro,Brickham,2606342437,3039937,18
548,Candice,Corbally,1328722995,4327678,10
549,Berkley,Belfrage,9336688495,3093712,18
550,Kylila,De Ruggiero,3148032551,9891580,8
551,Alanna,Salliere,9288296428,5147298,19
552,Lira,Haversham,5081554012,5167925,12
553,Cassandre,Jahnke,9563893941,4562376,14
554,Gib,Espadero,9742599878,8053817,14
555,Monti,Seak,3345112761,2100390,2
556,Alethea,Wem,3708490002,3792074,18
557,Sarina,Billam,2873489842,4644362,18
558,Hermann,Redish,6942729171,8310745,13
559,Farra,Da Costa,1987679248,8305238,17
560,Rosco,Wyss,9668149777,3725529,8
561,Rosana,Marritt,2780557935,7487488,8
562,Licha,Churchlow,9116572700,3601651,5
563,Roze,O'Quin,1479279736,9095315,6
564,Swen,Dracksford,2911147628,8212216,8
565,Sissy,Gresly,6630061569,6954666,15
566,Rosy,Pleaden,8867853721,5849024,5
567,Kare,Rainey,9602649030,7610796,20
568,Barby,Scoggins,7200633212,5878134,15
569,Alonso,Haythorn,8425958108,9217214,2
570,Keane,de Courcey,5266109035,7111707,3
571,Muriel,Seamarke,9487151768,2033067,18
572,Kristien,Annett,6402746955,5349577,14
573,Jess,Shevelin,8323475169,5685363,12
574,Smitty,Borrell,9374953915,8961924,11
575,Jenica,Valeri,4443925055,6117491,20
576,Gaston,Budgen,9449020580,3912144,14
577,Lucian,Downs,4339261393,2282279,12
578,Terrijo,Edgars,3585490337,1308087,4
579,Noami,Forty,4435912436,8568693,14
580,Bernita,Chavrin,6770886757,6491870,20
581,Marlo,Albone,8663665662,8539969,4
582,Reggis,Harlett,2850076382,2518686,11
583,Fredek,Woodrup,1883203580,8121368,6
584,Ricky,Swinnard,5567051871,7420970,5
585,Forrest,Volleth,8264186740,9080825,9
586,Farlee,Dannehl,2081258571,8295696,4
587,Micheline,Sharvill,9266055240,2233993,18
588,Warner,Iddins,9551196812,3518198,19
589,Neville,Ivimey,1680688791,5551322,17
590,Tann,Rego,4728611176,1697597,17
591,Birk,Copelli,7732272982,5170936,19
592,Elsey,Lacelett,5984862372,5058854,18
593,Wilma,Cloke,4748424178,2444989,6
594,Ignazio,Wilcher,7708689437,5020768,10
595,Cherish,Asals,6505631022,8698248,18
596,Hermie,Child,8461554441,3811655,1
597,Consalve,Mitchiner,2309717006,2854162,15
598,Dacia,Somerset,3874629496,5562403,19
599,Dynah,Loney,7399491798,2103613,15
600,Ruperto,Welham,4252665342,2587390,4
601,Dall,Soltan,2705836252,1805973,14
602,Marysa,Ianson,2157147419,5672378,1
603,Lindsy,Richt,6434892423,8858816,18
604,Danella,Roscamp,9185806204,7812806,16
605,Carolynn,Mertgen,3114433462,1299742,4
606,Angelica,Mazey,4975711503,6394983,15
607,Rollin,Bigmore,2667036762,3862072,18
608,Kerwinn,Larrie,7236946078,6906232,1
609,Penni,Boldison,1338686908,2873234,14
610,Nevile,Szymon,2646611372,7273796,4
611,Lanni,Burgum,6274898047,8640564,11
612,Sheilakathryn,Ruseworth,9623272601,8604685,16
613,Kelci,Wattinham,1792615988,2703325,20
614,Ivett,Footer,1568590308,9793561,9
615,Kaiser,Twitchett,1472015334,5054131,1
616,Rosa,Eyckel,6541766767,7030006,10
617,Aprilette,Antonik,3168663434,7810277,20
618,Raychel,Rao,3835240952,1482438,17
619,Margarethe,Dibbin,3112883028,3513999,2
620,Maitilde,Jentet,6948381080,5949394,20
621,Verne,Henriet,4603066835,8111751,7
622,Carmela,Guerola,1148552817,7715026,18
623,Chery,De Bruijne,9475889376,2930989,2
624,Erick,Rupke,6742933042,4449526,20
625,Domenico,Buddleigh,5619545721,1976159,20
626,Pamella,Stitfall,4544003144,4758330,15
627,Sergei,Villaron,5975185458,5694663,18
628,Cloe,Blabber,2504147803,4782860,13
629,Eirena,Gobel,6653670396,8953408,16
630,Witty,McRill,4587914632,2511876,3
631,Dierdre,O'Hearn,5792700110,6174111,20
632,Mariette,O'Cahey,7891906221,4029560,14
633,Myrwyn,Langdon,8747679343,6425749,16
634,Reggis,Felmingham,1446961732,4531634,20
635,Geneva,MacAloren,8900629951,7645869,9
636,Iver,Blasi,5886180336,3409379,12
637,Randie,Cucuzza,8728156189,3413726,9
638,Perla,Jolin,2227588590,3772713,12
639,Malachi,Le Estut,7768175432,4457285,1
640,Junia,Budibent,3227927908,1718259,10
641,Bess,Crosfield,1521830492,3346730,1
642,Brittan,Becaris,4070476128,8478096,19
643,Sherri,Halcro,6394491937,5494522,11
644,Derron,Congrave,4614430927,6090581,8
645,Jakie,Henke,4141777931,1779301,15
646,Ruddy,Sterley,2952394510,1181917,3
647,Addia,Tockell,8917412147,1786725,10
648,Clem,Woolgar,7747488128,5300042,9
649,Miner,Gosland,5619274934,4924418,19
650,Jolene,Dinsdale,1963015245,9348212,14
651,Belita,Kinsey,7653963166,1818117,11
652,Melany,Faire,9233070194,4311536,3
653,Guglielmo,Massard,2489586474,5758669,2
654,Cosette,Jermy,4675604046,2731461,13
655,Samaria,Procter,2189445300,7809778,12
656,Dacie,Krauss,3157732097,8455618,2
657,Ruperto,Quinell,4274114102,9935849,5
658,Glynda,Dobrovolny,1259996429,7252825,10
659,Elbert,Cansdill,9877081461,5843394,13
660,Cleo,Worton,6093041620,3325549,1
661,Meara,Leefe,7488525058,5043039,15
662,Rorke,Schellig,3078621617,7953981,11
663,Valry,Luckie,3351212123,1312488,5
664,Sawyer,Dorking,2009540175,3973715,19
665,Irvin,Ivey,4004488978,8137035,9
666,Vincenty,Finder,5509670217,7798174,7
667,Luca,Hulburt,8147166884,8521842,5
668,Nicole,Mangeon,5515850483,4164367,12
669,Ricardo,Burleigh,1589217270,8593821,14
670,Keary,Wulfinger,9372076712,2729771,20
671,Buddy,Worton,4089393572,4994806,4
672,Joly,Benstead,5330881187,6575730,20
673,Casey,Burkman,8578638042,6650609,14
674,Milzie,Rodolfi,5176657824,9444781,5
675,Nico,Rosling,9188794018,3549150,4
676,Evered,Takis,7325653727,9045758,12
677,Kevyn,Ondrich,6576393877,3928309,3
678,Alika,Vala,4982903747,4252943,17
679,Madelon,Hadlow,7949161015,8985568,14
680,Trumaine,McGraith,5577719661,7653955,15
681,Constantino,Boissier,7742468851,8391799,8
682,Kelby,Milesop,6669263000,5681400,20
683,Emmalee,Sydenham,9242423083,9019551,1
684,Emlen,Selborne,6317714938,8157706,3
685,Phedra,Sibbald,4002540413,1281990,8
686,Giffard,Piotrowski,6970960152,3516726,4
687,Olly,Beddon,3043554221,6475915,2
688,Link,Loftin,1433800833,3012923,11
689,Othilia,Storie,6935712824,3330493,17
690,Uriah,Kayne,3479012981,8984126,6
691,Alvinia,Spacey,6209401129,7265938,17
692,Merv,Pourvoieur,6073027214,5519798,2
693,Barrie,Fowgies,3002460929,8537837,16
694,Shelagh,Blackboro,6565273295,7760275,15
695,Eolanda,Sprules,3396546692,6971166,15
696,Akim,Robberts,6939689745,1550619,7
697,Daune,Balazot,9757344674,7491169,1
698,Husein,Monahan,8880960375,8577730,11
699,Kerrill,Duberry,5301057626,9323106,20
700,Sibeal,Corness,4391969310,5698469,4
701,Leena,Pyrke,4729470062,4995092,20
702,Shelbi,Drury,4556889275,5678253,6
703,Edgar,Kirrens,3973082636,3040797,13
704,Steffi,Hek,1509295730,7159102,8
705,Jeanne,Perillo,4039540252,2645491,3
706,Norton,Mazzey,1745367689,8240698,1
707,Avivah,Dradey,8169602078,4144255,1
708,Trudy,Advani,3756497689,2981065,1
709,Ivory,Kurton,6434866970,6930480,12
710,Kennith,Williamson,7869295147,8618883,13
711,Kirby,Copping,3361688306,3204988,5
712,Starr,Maggill'Andreis,7305252090,2824490,18
713,Debbie,Alenov,9855932756,1285261,18
714,Gardener,Flecknell,4576853391,9458536,12
715,Eimile,Bricket,8272638369,6709388,19
716,Rosetta,Vautre,8231637787,6491295,13
717,Cooper,Yude,9005565641,3834388,15
718,Ailis,Skym,5925672361,5967500,15
719,Jaime,Kopisch,9868954333,7980068,8
720,Licha,Boatwright,5218648619,5626226,11
721,Sarene,Newvill,2683368959,8032424,5
722,Keriann,O'Crigane,4129765051,8858900,6
723,Rodrick,Hessentaler,9605667224,9360180,17
724,Barby,Beckles,5639851792,3231116,3
725,Reggis,Paulley,5287653680,5919092,6
726,Biddie,Ballham,5860230038,7744689,1
727,Jacquenette,Kyberd,3683166503,7512699,12
728,Jude,Baroche,5161813404,3993868,19
729,Clemence,Hurler,2263570564,4217740,19
730,Cindy,Stanfield,7608653513,9886864,1
731,Jany,Baruch,3417160028,4951805,17
732,Phip,Cesaric,7718080313,3915586,7
733,Bev,Wawer,8647766310,6745651,13
734,Ebeneser,Burnapp,5822057435,3572408,5
735,Giacomo,Sporner,3730481327,1722010,8
736,Hurlee,Beaument,1769215484,3265448,5
737,Graham,Hazeltine,4118133211,1547169,2
738,Hilton,Gawkroge,8952446399,1540061,7
739,Lynn,Doxey,5978295462,6488934,5
740,Andra,Beedom,2551252615,7925772,12
741,Tessie,Barles,3949588990,9426817,18
742,Davon,Brobak,2615108416,5616395,16
743,Barty,Coorington,7705323734,4580653,20
744,Niel,Sebrook,4801263814,1549405,1
745,Minta,Croy,8382283669,9260405,3
746,Hakeem,Laughtisse,8302149468,5247599,16
747,Roderigo,Chave,1125991728,4671471,3
748,Eveleen,Colborn,3257524210,4601125,1
749,Avie,Swyer-Sexey,6104759182,3990575,11
750,Sofia,Attenborough,6498402425,6420103,12
751,Raina,Fraine,4871577285,1313970,16
752,Christoforo,Geldart,2278120699,1727472,2
753,Guillema,Krolak,4301159888,6212837,13
754,Damien,Shipton,6250298735,2454155,10
755,Tawsha,Berriman,7836098881,8659494,20
756,Alameda,Reeve,2458373020,7338752,8
757,Nina,Lutas,6754896113,3486161,12
758,Vinny,Kiely,1276772999,8899786,6
759,Querida,Zamora,3441302689,4399176,9
760,Luke,Wines,3844320835,2915984,7
761,Dionisio,Boyd,7287620865,9015893,10
762,Abey,Conniam,8026819351,5010451,1
763,Yasmeen,Aysh,6123139769,1891985,15
764,Gavra,Vellacott,8618931472,1346274,12
765,Elliott,Botton,2030540337,5881833,2
766,Kristina,Ainley,8905939762,6000514,7
767,Parker,McCreadie,5026313954,6705183,10
768,Fanchon,Fudge,5463906009,2274772,11
769,Chip,Stackbridge,6727051008,5774085,11
770,Michail,Boyn,9173426496,1602733,1
771,Reggi,Creany,2010022194,9653343,16
772,Richardo,Sidaway,9766480845,3171976,5
773,Isidor,Stribling,8577026427,9963187,12
774,Bendicty,Calafato,8679339819,9774340,3
775,Hestia,Abbyss,7114434980,4339468,18
776,Bernelle,Rawdales,8736000950,8801049,12
777,Claybourne,Meas,2140573788,5133091,18
778,Caryl,Durber,5246594486,9410762,15
779,Ky,Ball,2616958677,7245422,7
780,Lothario,Jerger,2390797066,9983439,10
781,Lucien,Ellett,5649719870,7064669,18
782,Zebulon,Jaqueminet,5090625495,8580616,1
783,Calvin,Edinburgh,7912798479,1662206,2
784,Derk,Berwick,5143415244,5699237,2
785,Ricki,Chater,3059758906,6445887,9
786,Eddie,Bozworth,9332585834,3489855,4
787,Miguela,Eam,8040157739,1972735,3
788,Angil,Mabbutt,1541461153,7965828,6
789,Aurie,Sayes,4050953518,4634459,15
790,Mable,Siggs,7769142587,8730734,9
791,Iolande,Santen,3051787130,7814898,17
792,Brod,Chaman,7600175880,2341712,13
793,Ailis,Hollingshead,9369275280,2932808,10
794,Norma,Dalinder,3023583632,5042802,18
795,Ailis,MacGaughie,2609865923,4617327,3
796,Kristine,Caswall,2638321303,6706358,6
797,Dewie,Bomfield,5413343767,5833447,1
798,Sindee,Lodovichi,2178911512,9144931,11
799,Kirby,Borg-Bartolo,2476586574,6284632,17
800,Alexia,Cowx,9862488965,5666964,10
801,Yurik,Pinckard,8122382902,4578526,15
802,Gil,Shoutt,7385884981,4480944,20
803,Tami,Fellman,7886770039,5338670,5
804,Nikos,Thomasson,7819975404,8222994,3
805,Nita,Jeger,3231787096,6487752,11
806,York,McGonagle,7554403669,2587458,6
807,Larry,Bockh,6935875427,3706051,5
808,Danya,Faro,7388900037,3393239,1
809,Tadio,Swinfen,1385354200,6538554,10
810,Jens,Dowber,1818137153,2850274,18
811,Onida,Corston,6358156510,3615458,1
812,Ronny,Haggie,6116163366,7261412,11
813,Borden,Connerry,3608658791,4479135,14
814,Marve,Jerrold,2069303755,2181092,9
815,Sidney,Blethin,1149909989,9000553,9
816,Melesa,Trevance,6985946749,9562842,10
817,Maitilde,Cleland,8752196829,3430273,15
818,Ashla,McIlwain,6448805260,7477698,18
819,Francene,Moulton,9721224973,6359468,2
820,Hurley,Duffield,1880510889,1827821,12
821,Anatol,Scyone,8328691095,6649609,16
822,Wainwright,Heffernan,1379549491,7644896,18
823,Leelah,Epine,2565002722,5331861,12
824,Yasmin,Lilly,5608154454,4989580,16
825,Kittie,Shoubridge,2083365931,4070177,10
826,Andre,Shipcott,4613463971,1645198,2
827,Cal,Grene,7436830843,9959823,13
828,Abner,Goble,7569396509,8871375,19
829,Hy,Swidenbank,2827761958,3839543,6
830,Vidovic,Gilli,6087732958,5945209,8
831,Randie,Shane,7268447872,6616349,6
832,Berti,Ellett,3030371602,2541625,7
833,Elvin,Nias,7703815047,1584222,8
834,Eldin,Riggert,8654960143,9929500,1
835,Donnajean,Aiskovitch,3068530910,4176819,8
836,Aretha,Brosio,1118793781,4951671,1
837,Galven,Morpeth,9808416652,5038210,8
838,Normy,Bottoner,2731444953,7533325,2
839,Alidia,Haste,6439549940,9869831,18
840,Claudia,Allans,5523289555,3182705,5
841,Vladamir,Chapelhow,8605078291,3845566,19
842,Phillipp,Flatley,6609246025,1716928,20
843,Shel,Tankin,7801122340,8798696,1
844,Nike,Busch,7504502822,9925225,15
845,Myrtia,Carlan,3683681553,3094150,7
846,Ingra,Claris,9452542834,8532651,16
847,Pierce,Tedstone,3558357849,8518682,15
848,Valenka,Revel,2207488799,7538878,10
849,Sarine,Maddaford,1356021694,7054356,3
850,Haskel,Evamy,3188036919,6483305,13
851,Nannette,Hurley,3197093288,4662234,17
852,Hilliary,Nowland,2542259400,2455637,5
853,Michell,Calliss,1390467608,7518761,3
854,Winni,MacKee,1472188989,1660176,13
855,Dinnie,Ashness,6154406876,5199605,1
856,Noble,Milton,8099823138,9142685,13
857,Leia,Kissell,3773093089,6699038,6
858,Gerrie,Duval,4823541838,1368246,13
859,Bari,Hailes,3217706733,2530580,1
860,Iorgos,Tomney,4097428385,8553006,2
861,Stephanus,Perri,2882621995,7755819,20
862,Hoebart,Kilban,7634729914,7031633,16
863,Alvira,Phibb,5362863788,1537934,11
864,Sianna,Cambell,2778048751,1613796,12
865,Delmer,McFade,7436655445,9318739,5
866,Benedict,Abbiss,1880402686,8268524,14
867,Shayne,Duggon,5628026329,7744817,8
868,Nora,O'Driscole,9949599755,4109147,16
869,Fenelia,Brownhill,5614786292,3087302,16
870,Tomasine,Sine,6748401765,6015523,16
871,Blinny,Masding,8329035676,8347003,1
872,Malissia,Corking,1337124935,5299582,10
873,Ysabel,Hingeley,1858265389,8184099,19
874,Berkeley,Rivelon,5981166615,5922734,13
875,Siusan,Chater,1229474870,9866333,17
876,Elroy,Jarret,3531753260,3379325,18
877,Jo-anne,Blainey,8277033307,6516005,11
878,Dal,Scandred,2946590344,7488188,10
879,Simonette,O'Hengerty,3805676273,6953949,10
880,Thia,O' Byrne,8283631385,4123997,19
881,Berkley,Liebermann,9145456597,8067489,3
882,Shepherd,Arnauduc,9474000987,4547363,15
883,Gar,Findlow,1665738257,7397880,17
884,Crysta,Syddie,9016552712,2228837,1
885,Audry,Clemencet,4483213730,8817911,4
886,Gretal,Emanuelli,5256872902,3349005,15
887,Rebeka,Charrington,2074059551,2710985,11
888,Pollyanna,Botten,5727288627,4928228,9
889,Ferdinand,Elleton,7708167058,9247604,12
890,Mercie,Stag,5253642676,7212082,1
891,Darrin,Laingmaid,8709600299,4090153,15
892,Colin,Domelaw,7783584643,3641599,13
893,Ollie,Capstack,9050093979,3807423,18
894,Cindra,Ambrogioni,4574247878,8179391,14
895,Erek,McAvaddy,2839838504,4612035,20
896,Lona,Jerok,1655838167,7581728,4
897,Lark,Rosellini,7606165751,3223793,13
898,El,Shilling,5195720355,1896486,8
899,Baxy,Catterell,9962613441,7501913,2
900,Shepperd,MacDaid,4422300165,5369091,7
901,Shep,Huffey,3330184773,3959515,17
902,Lovell,O'Sheils,2680484239,8838273,9
903,Andrus,Chatres,8009642685,5703073,6
904,Karoly,Burles,3736339624,6962709,2
905,Violetta,Doone,7968705448,4244183,4
906,Joleen,Rosita,2217343647,6602787,12
907,Ophelia,Huggill,6707068040,7318922,19
908,Glenine,Siddeley,2827632881,9980460,13
909,Danyelle,Stout,2303405407,5441852,4
910,Danit,De Biasio,6001160620,1543188,7
911,Sibley,Widocks,8499950641,7537096,6
912,Joyan,Habron,4845073255,7306578,16
913,Elianora,Anders,2838649576,3140535,14
914,Nara,Gerkens,3294037393,6600055,18
915,Clemence,Fery,5781220053,1372467,3
916,Louis,Ballay,3988507671,7791853,7
917,Jennee,Eassom,5496948808,8943920,5
918,Ursala,Marti,9607045067,5587167,7
919,Pepito,Henrie,5159556046,8951774,5
920,Carmela,Dayes,9071643011,5773816,20
921,Barris,Vallintine,8631426721,4016417,6
922,Gibb,Gingell,8956605036,1697014,9
923,Valery,Arnolds,3226399701,7232735,6
924,Dav,Polon,8889728255,2884523,1
925,Brock,Schultz,6396275716,9054960,17
926,Yorke,Blackey,2831013944,1220873,12
927,Hillary,Bantock,8215243820,4491470,19
928,Basilio,Bouller,5013379989,4510209,9
929,Nora,Pawel,3352724958,5660337,4
930,Richmound,Jancar,6687348941,8757358,6
931,Gratiana,Myles,4743514475,4247828,7
932,Sherman,Grennan,2676485430,7741925,4
933,Kippy,Alvin,3063737119,1499260,2
934,Marijo,Mansel,6641786334,5076511,2
935,Odette,Beaby,8100578518,3622474,12
936,Terrye,Birdwistle,2450789052,6062304,6
937,Falkner,Stalman,4634230885,3880141,14
938,Elsie,Dowda,1179726451,8684346,12
939,Anette,Rhodus,9112313001,7324081,11
940,Codie,Kinchley,2610774212,1785729,1
941,Laverne,Croxley,4640084309,6446828,14
942,Hildegaard,Kearton,5158265849,5680894,10
943,Danila,Aleksandrikin,9187079551,3706775,11
944,Englebert,Kulicke,7557332251,7218155,9
945,Carlita,Stallon,9662190747,5144346,18
946,Devlin,Grix,8191480576,8760891,8
947,Lavinia,Clynter,9037679127,1614003,11
948,Verne,Demageard,6374478545,5627793,7
949,Bernadina,Daftor,4716118410,1874162,17
950,Mollie,McKimm,8922283640,2299411,20
951,Stevie,Fodden,3386739502,9639548,17
952,Katuscha,Crosher,3890272200,4698807,17
953,Agnese,Long,1750015570,9934625,8
954,Debor,Habershon,9951939872,6084049,16
955,Gregorius,Schruyers,4427235054,3220190,12
956,Devlin,Dood,7390034272,4118384,19
957,Faustine,Calvey,5719217987,7649713,5
958,Abner,Jennaroy,4241550466,8307561,20
959,Iorgos,Kerford,7514593626,7203405,14
960,Cordelie,Gogie,5232301407,5781342,14
961,Hulda,Dennison,6741151530,5055183,9
962,Wayland,McClunaghan,8026837994,2035144,12
963,Rana,Sagrott,5607415218,9065292,18
964,Loralyn,Jarad,1193149433,8796071,1
965,Letitia,Siss,6750641680,3298203,4
966,Allayne,Broun,2853372701,1646617,16
967,Sallie,Bonifazio,6844980143,7502694,10
968,Cammy,Haycraft,2908858802,7804889,2
969,Brose,Gowan,8287597704,5941201,10
970,Myrle,Minichi,6015255824,3865044,5
971,Theodora,Salleir,9656455108,7566189,7
972,Wilona,Billyard,6670161365,5183548,11
973,Hasheem,Alcorn,1825895770,9450102,18
974,Peyter,Durman,8162131671,2302167,4
975,Livia,Warricker,4954467275,4207840,13
976,Andras,Flemming,6443872224,9934417,16
977,Yolanthe,Wannes,8263773529,8385473,16
978,Fanni,Gounod,9988135418,6154051,10
979,Caspar,Ingraham,3072147436,8169037,11
980,Maxie,Dallaghan,3187746666,6814710,19
981,Ciel,Ravillas,5428967011,7290194,20
982,Drew,Devers,9111014145,3884999,2
983,Lorens,Cantle,2086157970,1937534,4
984,Marcel,Worsell,5310212874,3358023,6
985,Krissie,Horwell,2485825528,3853534,10
986,Guillermo,Westgate,6469102597,6900454,17
987,Roseanne,Castard,2145493463,3973391,14
988,Valina,Widdison,8401335179,4836460,3
989,Thibaud,Antonich,9296993058,8155340,8
990,Raddie,Halksworth,5440918224,5956414,17
991,Dee dee,Mountain,9595002542,6206583,2
992,Nanette,Oliva,8585148967,1134659,11
993,Harlen,Screaton,9914005174,5685646,4
994,Cosimo,Smallacombe,4097950748,3455376,3
995,Vachel,Hirsthouse,6805550048,5322757,13
996,Lelah,Totaro,5003387288,6927339,16
997,Madelon,Pessel,3362005450,7779813,15
998,Tristam,de Pinna,6003285074,2355906,18
999,Stacy,Arnall,5555295580,2958975,1
1000,Jessey,Rickett,2434267700,5846125,15
